<?xml version="1.0"?> 
<Effect name="BlueWave1" bitmap="bmp_skin_battlemisc" type="oneshot" duration="1.5">

	
	<Initialize parameter="source_x"	value="101" />
	<Initialize parameter="source_y"	value="358" />
	<Initialize parameter="source_w"	value="100" />
	<Initialize parameter="source_h"	value="100" />
	
	<Initialize parameter="dest_x"		value="-50" />
	<Initialize parameter="dest_y"		value="-50" />
	<Initialize parameter="dest_w"		value="100" />
	<Initialize parameter="dest_h"		value="100" />
	
	<Initialize parameter="alpha"		value="0.0" />
	<Initialize parameter="rotation"	value="-1.6" />
	<Initialize parameter="color_r"		value="1.0" />
	<Initialize parameter="color_g"		value="1.0" />
	<Initialize parameter="color_b"		value="1.0" />

	<Animate	parameter="alpha"		value="0.8"		time="0.1"	method="linear" />
	<Animate	parameter="alpha"		value="0.9"		time="0.3"	method="linear" />
	<Animate	parameter="alpha"		value="0.9"		time="0.8"	method="linear" />
	<Animate	parameter="alpha"		value="0.0"		time="1.0"	method="linear" />
	<Animate	parameter="rotation"	value="-1.9"	time="1.0"	method="linear" />
	<Animate	parameter="dest_x"		value="-400"	time="1.0"	method="linear" />
	<Animate	parameter="dest_y"		value="-150"	time="1.0"	method="linear" />
	<Animate	parameter="dest_w"		value="150"		time="1.0"	method="linear" />
	<Animate	parameter="dest_h"		value="300"		time="1.0"	method="linear" />
		
</Effect>