<?xml version="1.0"?> 
<Effect name="PulseGreenSkull" bitmap="bmp_skin_battlemisc" type="oneshot" duration="2.0">

	<Initialize parameter="source_x"	value="404" />
	<Initialize parameter="source_y"	value="358" />
	<Initialize parameter="source_w"	value="100" />
	<Initialize parameter="source_h"	value="100" />
	
	<Initialize parameter="dest_x"		value="-25" />
	<Initialize parameter="dest_y"		value="-25" />
	<Initialize parameter="dest_w"		value="50" />
	<Initialize parameter="dest_h"		value="50" />
	
	<Initialize parameter="alpha"		value="0.5" />
	<Initialize parameter="rotation"	value="0.0" />
	<Initialize parameter="color_r"		value="0.5" />
	<Initialize parameter="color_g"		value="1.0" />
	<Initialize parameter="color_b"		value="0.5" />

	<Animate	parameter="alpha"		value="1.0"		time="0.2"	method="linear" />
	<Animate	parameter="alpha"		value="0.5"		time="0.4"	method="linear" />
	<Animate	parameter="alpha"		value="1.0"		time="0.6"	method="linear" />
	<Animate	parameter="alpha"		value="0.5"		time="0.8"	method="linear" />
	<Animate	parameter="alpha"		value="1.0"		time="1.0"	method="linear" />
	<Animate	parameter="alpha"		value="0.5"		time="1.2"	method="linear" />
	<Animate	parameter="alpha"		value="1.0"		time="1.4"	method="linear" />
	<Animate	parameter="alpha"		value="0.5"		time="1.6"	method="linear" />
	<Animate	parameter="alpha"		value="1.0"		time="1.8"	method="linear" />
	<Animate	parameter="alpha"		value="0.5"		time="2.0"	method="linear" />
	<Animate	parameter="alpha"		value="1.0"		time="2.2"	method="linear" />

	<Animate	parameter="dest_x"		value="-100"    time="2.2"	method="linear" />
	<Animate	parameter="dest_y"		value="-100"    time="2.2"	method="linear" />
	<Animate	parameter="dest_w"		value="200"		time="2.2"	method="linear" />
	<Animate	parameter="dest_h"		value="200"		time="2.2"	method="linear" />
		
</Effect>