<?xml version="1.0"?> 
<Effect name="SpellChaos" bitmap="" type="oneshot" duration="2.7">

	<Child      name="SpinFlare"		type="effect"	time="0.0" duration="2.0" x="0" y="0" position="global" />
	<Child      name="RingRed"			type="particle"	time="0.2" duration="2.0" x="0" y="0" position="global" />
	<Child      name="RingYellow"		type="particle"	time="0.3" duration="2.0" x="0" y="0" position="global" />
	<Child      name="SpinFlare"		type="effect"	time="0.3" duration="2.0" x="0" y="0" position="global" />
	<Child      name="CyanExplosion"	type="particle"	time="0.4" duration="1.0" x="0" y="0" position="global" />
	<Child      name="RingGreen"		type="particle"	time="0.6" duration="1.5" x="0" y="0" position="global" />
	<Child      name="WhiteExplosion"	type="particle"	time="1.2" duration="1.0" x="0" y="0" position="global" />
	
	<Initialize parameter="dest_x"		value="0" />
	<Initialize parameter="dest_y"		value="0" />
		
</Effect>