<?xml version="1.0"?> 
<Effect name="SpellFireballSmall" bitmap="bmp_skin_battlemisc" type="oneshot" duration="0.8">

	<Initialize parameter="source_x"	value="349" />
	<Initialize parameter="source_y"	value="74" />
	<Initialize parameter="source_w"	value="128" />
	<Initialize parameter="source_h"	value="128" />
	
	<Initialize parameter="dest_x"		value="-8" />
	<Initialize parameter="dest_y"		value="-8" />
	<Initialize parameter="dest_w"		value="16" />
	<Initialize parameter="dest_h"		value="16" />
	
	<Initialize parameter="alpha"		value="0.8" />
	<Initialize parameter="rotation"	value="0.0" />
	<Initialize parameter="color_r"		value="0.8" />
	<Initialize parameter="color_g"		value="0.8" />
	<Initialize parameter="color_b"		value="0.8" />

	<Animate	parameter="alpha"		value="0.9"		time="0.5"	method="linear" />
	<Animate	parameter="alpha"		value="0.0"		time="0.8"	method="linear" />
	<Animate	parameter="dest_x"		value="-100"	time="0.8"	method="linear" />
	<Animate	parameter="dest_y"		value="-100"	time="0.8"	method="linear" />
	<Animate	parameter="dest_w"		value="200"		time="0.8"	method="linear" />
	<Animate	parameter="dest_h"		value="200"		time="0.8"	method="linear" />
	<Initialize parameter="rotation"	value="-2.1"	time="0.8"	method="linear" />
		
</Effect>