<?xml version="1.0"?> 
<Effect name="SpellWar" bitmap="" type="oneshot" duration="2.0">

	<Child      name="RedSparkleLite"	type="particle"	time="0.0" duration="1.0" x="0" y="-10" position="global" />
	<Child      name="GrowRedRing"		type="effect"	time="0.0" duration="2.0" x="0" y="0" position="global" />
	<Child      name="SpellFireball0"	type="effect"	time="0.4" duration="0.7" x="10" y="-10" position="global" />
	<Child      name="GrowSkull"		type="effect"	time="0.5" duration="1.0" x="0" y="0" position="global" />
	<Child      name="RedSparkleLite"	type="particle"	time="0.4" duration="1.0" x="0" y="-10" position="global" />
	<Child      name="SpellFireballSmall"	type="effect"	time="0.6" duration="0.8" x="-10" y="20" position="global" />
	<Child      name="CyanStun"			type="effect"	time="0.7" duration="0.5" x="-20" y="-10" position="global" />
	
	<Initialize parameter="dest_x"		value="0" />
	<Initialize parameter="dest_y"		value="0" />

</Effect>