<?xml version="1.0"?> 
<Effect name="SpinBlackHole" bitmap="bmp_skin_battlemisc" type="oneshot" duration="1.5">

	<Initialize parameter="source_x"	value="404" />
	<Initialize parameter="source_y"	value="257" />
	<Initialize parameter="source_w"	value="100" />
	<Initialize parameter="source_h"	value="100" />
	
	<Initialize parameter="dest_x"		value="-40" />
	<Initialize parameter="dest_y"		value="-40" />
	<Initialize parameter="dest_w"		value="80" />
	<Initialize parameter="dest_h"		value="80" />
	
	<Initialize parameter="alpha"		value="1.0" />
	<Initialize parameter="rotation"	value="0.0" />
	<Initialize parameter="color_r"		value="0.6" />
	<Initialize parameter="color_g"		value="0.7" />
	<Initialize parameter="color_b"		value="0.7" />

	<Animate	parameter="alpha"		value="1.0"		time="1.0"	method="linear" />
	<Animate	parameter="alpha"		value="0.0"		time="1.5"	method="linear" />

	<Animate	parameter="rotation"	value="26"		time="1.5"	method="linear" />
	
	<Animate	parameter="dest_x"		value="-300"	time="1.5"	method="linear" />
	<Animate	parameter="dest_y"		value="-300"	time="1.5"	method="linear" />
	<Animate	parameter="dest_w"		value="600"		time="1.5"	method="linear" />
	<Animate	parameter="dest_h"		value="600"		time="1.5"	method="linear" />
		
</Effect>