<?xml version="1.0"?> 
<Effect name="SwapGem" bitmap="bmp_skin_battlemisc" type="oneshot" duration="0.7">

	<Initialize parameter="source_x"	value="220" />
	<Initialize parameter="source_y"	value="74" />
	<Initialize parameter="source_w"	value="128" />
	<Initialize parameter="source_h"	value="128" />
	
	<Initialize parameter="dest_x"		value="-64" />
	<Initialize parameter="dest_y"		value="-64" />
	<Initialize parameter="dest_w"		value="128" />
	<Initialize parameter="dest_h"		value="128" />
	
	<Initialize parameter="alpha"		value="0.8" />
	<Initialize parameter="rotation"	value="0.0" />
	<Initialize parameter="color_r"		value="1.0" />
	<Initialize parameter="color_g"		value="1.0" />
	<Initialize parameter="color_b"		value="1.0" />

	<Animate	parameter="alpha"		value="0.0"		time="0.7"	method="linear" />
	<Animate	parameter="dest_x"		value="-128"	time="0.7"	method="linear" />
	<Animate	parameter="dest_y"		value="-128"	time="0.7"	method="linear" />
	<Animate	parameter="dest_w"		value="256"		time="0.7"	method="linear" />
	<Animate	parameter="dest_h"		value="256"		time="0.7"	method="linear" />
	<Animate	parameter="rotation"	value="1.05"	time="0.7"	method="linear" />
	
</Effect>