<?xml version="1.0"?>
<Roads>

   <Road  start="CBAR" end="WTHR" visible="yes" />
   <Road  start="CBAR" end="WSIR" visible="yes" />
   <Road  start="CBAR" end="WGIL" visible="yes" />
   <Road  start="CBAR" end="WELE" visible="yes" />
   <Road  start="WGIL" end="RGSE" visible="no" />
   <Road  start="CGAL" end="WRAR" visible="no" />
   <Road  start="CGAL" end="WMAE" visible="no" />
   <Road  start="WGIL" end="WAPS" visible="no" />
   <Road  start="WAPS" end="CGAL" visible="no" />
   <Road  start="WTHR" end="RTHC" visible="no" />
   <Road  start="REGB" end="WMAE" visible="no" />
   <Road  start="CGAL" end="WSKE" visible="no" />
   <Road  start="WSKE" end="CDRA" visible="no" />
   <Road  start="WSKE" end="RSKM" visible="no" />
   <Road  start="RSTR" end="WELE" visible="no" />
   <Road  start="WTHR" end="ROTO" visible="no" />
   <Road  start="CENM" end="WELE" visible="no" />
   <Road  start="CENM" end="WBTH" visible="no" />
   <Road  start="WBTH" end="CTRA" visible="no" />
   <Road  start="WELE" end="CTRA" visible="no" />
   <Road  start="WBTH" end="RSLV" visible="no" />
   <Road  start="WBTH" end="ROOU" visible="no" />
   <Road  start="WBTH" end="RDPS" visible="no" />
   <Road  start="RDCV" end="CDRA" visible="no" />
   <Road  start="WHPS" end="WTHR" visible="no" />
   <Road  start="WALF" end="WTHR" visible="no" />
   <Road  start="CSIL" end="WALF" visible="no" />
   <Road  start="WALF" end="RSCV" visible="no" />
   <Road  start="WHPS" end="CDKO" visible="no" />
   <Road  start="CDKO" end="WRMO" visible="no" />
   <Road  start="CDKO" end="WWSK" visible="no" />
   <Road  start="CDKO" end="WBHE" visible="no" />
   <Road  start="WBHE" end="WSFA" visible="no" />
   <Road  start="WBHE" end="RWCV" visible="no" />
   <Road  start="CDKO" end="RSCC" visible="no" />
   <Road  start="WRMO" end="WBHE" visible="no" />
   <Road  start="WWSK" end="WBHE" visible="no" />
   <Road  start="WRMO" end="RWRO" visible="no" />
   <Road  start="WSFA" end="CGRU" visible="no" />
   <Road  start="CGRU" end="RWGS" visible="no" />
   <Road  start="WWSK" end="RWHV" visible="no" />
   <Road  start="WALF" end="RTLH" visible="no" />
   <Road  start="CGRU" end="WGRK" visible="no" />
   <Road  start="WGRK" end="CGLK" visible="no" />
   <Road  start="CGLK" end="WDRT" visible="no" />
   <Road  start="CDKO" end="WNKR" visible="no" />
   <Road  start="WNKR" end="WDPS" visible="no" />
   <Road  start="WDPS" end="CDRH" visible="no" />
   <Road  start="CDRH" end="RUML" visible="no" />
   <Road  start="CDRH" end="RCBL" visible="no" />
   <Road  start="CDRH" end="RMOL" visible="no" />
   <Road  start="CHTP" end="WHBG" visible="no" />
   <Road  start="WHBG" end="WVOK" visible="no" />
   <Road  start="WVOK" end="WNKR" visible="no" />
   <Road  start="CHTP" end="WPIK" visible="no" />
   <Road  start="WPIK" end="CTSK" visible="no" />
   <Road  start="CTSK" end="WSHD" visible="no" />
   <Road  start="WSHD" end="WGWK" visible="no" />
   <Road  start="WSHD" end="COHT" visible="no" />
   <Road  start="WPIK" end="CHYA" visible="no" />
   <Road  start="WWRT" end="CTSK" visible="no" />
   <Road  start="CHTP" end="RVOL" visible="no" />
   <Road  start="CTSK" end="RATO" visible="no" />
   <Road  start="RDGV" end="WDPS" visible="no" />
   <Road  start="CHTP" end="WPAR" visible="no" />
   <Road  start="WPAR" end="WALF" visible="no" />
   <Road  start="WGWK" end="CJAK" visible="no" />
   <Road  start="WGWK" end="CJOK" visible="no" />
   <Road  start="CYLA" end="WSGK" visible="no" />
   <Road  start="CYLA" end="WTIR" visible="no" />
   <Road  start="WTIR" end="CEHL" visible="no" />
   <Road  start="CEHL" end="WRAG" visible="no" />
   <Road  start="WTIR" end="WIGK" visible="no" />
   <Road  start="WGRW" end="WSOI" visible="no" />
   <Road  start="WSOI" end="CLBC" visible="no" />
   <Road  start="CLBC" end="WLOB" visible="no" />
   <Road  start="WLOB" end="WIGK" visible="no" />
   <Road  start="CTSK" end="WSMZ" visible="no" />
   <Road  start="WSMZ" end="WGGP" visible="no" />
   <Road  start="WGGP" end="WGRW" visible="no" />
   <Road  start="WSGK" end="WBBR" visible="no" />
   <Road  start="WBBR" end="CLBC" visible="no" />
   <Road  start="WLOB" end="CKUN" visible="no" />
   <Road  start="CYLA" end="WETO" visible="no" />
   <Road  start="WETO" end="CHYA" visible="no" />
   <Road  start="RDSH" end="WIGK" visible="no" />
   <Road  start="RICM" end="WIGK" visible="no" />
   <Road  start="CKUN" end="WWAS" visible="no" />
   <Road  start="WWAS" end="WHVA" visible="no" />
   <Road  start="WHVA" end="WBSP" visible="no" />
   <Road  start="WSGK" end="RBST" visible="no" />
   <Road  start="RDST" end="CLBC" visible="no" />
   <Road  start="RHAG" end="WRAG" visible="no" />

</Roads>
